,Coherence,Confidence,ReactionTime,SubResponse,TrueDirection,ACC,SubjectNumber
0,6.4,5,2823,180,180,1,1
1,6.4,4,4152,180,180,1,1
2,12.8,4,4253,0,0,1,1
3,6.4,4,3895,180,180,1,1
4,6.4,3,3062,0,180,0,1
5,12.8,4,3656,0,0,1,1
6,12.8,5,2507,0,0,1,1
7,6.4,5,2496,180,0,0,1
8,6.4,4,5015,0,180,0,1
9,3.2,5,3370,180,180,1,1
10,6.4,5,2728,180,180,1,1
11,6.4,5,1850,180,180,1,1
12,12.8,5,1986,0,0,1,1
13,6.4,6,3263,0,180,0,1
14,1.6,5,3098,0,0,1,1
15,12.8,5,3109,180,180,1,1
16,6.4,5,3763,0,180,0,1
17,25.6,6,2080,180,180,1,1
18,25.6,6,1172,180,180,1,1
19,12.8,6,1744,0,0,1,1
20,6.4,5,1847,180,180,1,1
21,3.2,5,4265,0,180,0,1
22,12.8,5,2215,0,0,1,1
23,12.8,6,4533,0,0,1,1
24,3.2,5,5024,180,180,1,1
25,12.8,5,1339,0,0,1,1
26,6.4,4,5018,180,0,0,1
27,3.2,5,2479,0,0,1,1
28,1.6,5,3925,180,180,1,1
29,6.4,4,4856,0,0,1,1
30,12.8,5,2449,0,0,1,1
31,3.2,5,4869,0,0,1,1
32,1.6,6,2905,180,0,0,1
33,12.8,5,5015,0,0,1,1
34,1.6,5,3574,0,0,1,1
35,1.6,5,2722,180,0,0,1
36,3.2,6,2046,180,180,1,1
37,25.6,6,1187,180,180,1,1
38,3.2,6,2008,0,0,1,1
39,3.2,6,2935,180,180,1,1
40,12.8,6,1183,180,180,1,1
41,25.6,6,846,0,0,1,1
42,3.2,6,1604,0,0,1,1
43,1.6,6,1035,0,0,1,1
44,12.8,6,762,180,0,0,1
45,6.4,5,4023,180,0,0,1
46,25.6,6,828,0,0,1,1
47,25.6,6,680,0,0,1,1
48,1.6,4,4776,180,180,1,1
49,3.2,6,4000,0,180,0,1
50,3.2,6,869,180,180,1,1
51,12.8,6,803,180,180,1,1
52,3.2,6,4171,180,180,1,1
53,12.8,6,1232,180,180,1,1
54,6.4,6,1348,180,180,1,1
55,6.4,6,1954,180,180,1,1
56,12.8,6,1253,180,180,1,1
57,1.6,6,1035,180,180,1,1
58,1.6,6,948,0,0,1,1
59,1.6,4,3926,0,0,1,1
60,25.6,6,764,180,180,1,1
61,1.6,6,1922,180,180,1,1
62,6.4,6,1116,0,0,1,1
63,6.4,6,1597,180,0,0,1
64,12.8,6,1110,180,180,1,1
65,6.4,6,1599,180,0,0,1
66,1.6,6,1860,180,180,1,1
67,12.8,6,846,0,0,1,1
68,12.8,6,982,180,180,1,1
69,12.8,6,863,180,180,1,1
70,12.8,6,814,180,180,1,1
71,25.6,6,695,180,180,1,1
72,1.6,6,2702,180,180,1,1
73,12.8,6,822,180,180,1,1
74,3.2,6,775,180,0,0,1
75,1.6,5,1803,180,180,1,1
76,12.8,6,712,180,180,1,1
77,25.6,6,779,180,180,1,1
78,6.4,6,773,0,0,1,1
79,6.4,2,59,0,180,0,1
80,1.6,6,4671,180,180,1,1
81,3.2,6,1090,0,0,1,1
82,1.6,5,2551,180,180,1,1
83,1.6,6,1640,180,0,0,1
84,3.2,6,1631,180,180,1,1
85,1.6,6,2166,180,180,1,1
86,25.6,6,747,0,0,1,1
87,6.4,6,899,180,180,1,1
88,12.8,6,686,0,0,1,1
89,3.2,6,1068,180,180,1,1
90,1.6,4,2476,180,180,1,1
91,25.6,6,656,0,0,1,1
92,3.2,6,730,180,180,1,1
93,6.4,6,667,0,0,1,1
94,12.8,6,1140,0,0,1,1
95,12.8,6,1166,0,0,1,1
96,6.4,6,891,180,180,1,1
97,12.8,6,736,0,0,1,1
98,6.4,6,772,0,0,1,1
99,6.4,6,1067,0,0,1,1
100,1.6,6,3901,0,180,0,1
101,12.8,6,727,180,180,1,1
102,25.6,6,811,180,180,1,1
103,1.6,5,1781,180,0,0,1
104,25.6,6,746,180,180,1,1
105,1.6,5,3656,0,180,0,1
106,1.6,6,1055,0,0,1,1
107,3.2,6,1926,180,180,1,1
108,25.6,6,1024,180,180,1,1
109,25.6,6,653,0,0,1,1
110,12.8,6,1375,180,180,1,1
111,25.6,6,602,0,0,1,1
112,3.2,5,633,180,180,1,1
113,25.6,6,831,180,180,1,1
114,6.4,6,595,0,0,1,1
115,1.6,6,562,180,0,0,1
116,1.6,5,1615,180,0,0,1
117,12.8,1,196,180,180,1,1
118,25.6,6,924,180,180,1,1
119,1.6,5,2552,180,0,0,1
120,1.6,6,952,180,180,1,1
121,1.6,3,5021,0,0,1,1
122,3.2,5,988,0,0,1,1
123,25.6,6,1070,0,0,1,1
124,25.6,6,1144,0,0,1,1
125,1.6,6,698,180,180,1,1
126,6.4,6,944,0,0,1,1
127,6.4,5,2876,0,0,1,1
128,6.4,3,3419,180,0,0,1
129,3.2,6,904,0,0,1,1
130,25.6,6,822,180,180,1,1
131,3.2,4,3368,0,180,0,1
132,3.2,5,3459,180,0,0,1
133,6.4,6,3292,0,0,1,1
134,6.4,2,5022,180,180,1,1
135,12.8,6,877,180,180,1,1
136,1.6,5,3805,180,180,1,1
137,6.4,3,3523,0,180,0,1
138,12.8,6,931,180,180,1,1
139,25.6,6,699,0,0,1,1
140,12.8,6,2944,0,0,1,1
141,25.6,6,988,0,0,1,1
142,3.2,5,934,180,180,1,1
143,25.6,6,713,0,0,1,1
144,25.6,6,677,180,180,1,1
145,6.4,4,3134,0,0,1,1
146,3.2,6,936,180,0,0,1
147,25.6,6,741,0,0,1,1
148,6.4,3,3360,180,180,1,1
149,3.2,2,3930,0,180,0,1
150,3.2,2,4507,0,0,1,1
151,3.2,3,2471,180,180,1,1
152,25.6,6,1315,0,0,1,1
153,25.6,6,992,180,180,1,1
154,3.2,6,1602,180,0,0,1
155,6.4,6,1970,0,0,1,1
156,1.6,5,4015,180,180,1,1
157,25.6,6,862,180,180,1,1
158,3.2,5,3577,180,180,1,1
159,12.8,6,919,0,0,1,1
160,3.2,2,4426,0,180,0,1
161,1.6,2,4652,180,180,1,1
162,6.4,3,5017,0,0,1,1
163,3.2,5,3025,180,180,1,1
164,1.6,5,4535,180,0,0,1
165,6.4,6,2748,180,180,1,1
166,3.2,5,1602,0,0,1,1
167,1.6,4,4348,180,180,1,1
168,12.8,6,967,0,0,1,1
169,12.8,6,830,180,180,1,1
170,3.2,6,2010,0,0,1,1
171,1.6,4,5026,180,0,0,1
172,25.6,6,829,180,180,1,1
173,12.8,6,1377,180,180,1,1
174,6.4,6,2006,180,180,1,1
175,25.6,6,663,0,0,1,1
176,3.2,2,4200,0,0,1,1
177,25.6,6,730,180,180,1,1
178,25.6,6,608,0,0,1,1
179,3.2,6,977,0,0,1,1
180,3.2,6,642,180,0,0,1
181,12.8,6,651,0,0,1,1
182,1.6,5,569,180,0,0,1
183,1.6,6,1140,180,0,0,1
184,3.2,6,2712,0,0,1,1
185,25.6,6,705,0,0,1,1
186,6.4,6,640,180,0,0,1
187,3.2,6,1226,0,0,1,1
188,25.6,6,1357,0,0,1,1
189,25.6,6,572,180,180,1,1
190,12.8,6,1612,180,180,1,1
191,1.6,5,3903,180,0,0,1
192,1.6,5,4440,180,0,0,1
193,25.6,6,859,180,180,1,1
194,1.6,5,4745,180,180,1,1
195,3.2,6,782,0,0,1,1
196,25.6,6,630,0,0,1,1
197,12.8,6,1124,180,180,1,1
198,25.6,6,723,180,180,1,1
199,25.6,6,567,0,0,1,1
200,3.2,6,1512,0,0,1,2
201,1.6,3,1844,180,180,1,2
202,1.6,5,949,180,0,0,2
203,12.8,5,660,0,0,1,2
204,1.6,3,3167,0,180,0,2
205,3.2,5,1267,0,0,1,2
206,3.2,6,634,180,0,0,2
207,12.8,6,875,180,180,1,2
208,6.4,6,977,180,180,1,2
209,1.6,5,2085,0,0,1,2
210,1.6,3,3889,180,180,1,2
211,6.4,5,717,0,0,1,2
212,12.8,6,776,180,180,1,2
213,25.6,6,949,0,0,1,2
214,1.6,6,742,180,0,0,2
215,25.6,6,624,0,0,1,2
216,12.8,6,688,180,180,1,2
217,1.6,2,2965,0,0,1,2
218,12.8,6,964,0,0,1,2
219,1.6,1,4280,180,0,0,2
220,6.4,4,2242,0,0,1,2
221,25.6,6,733,180,180,1,2
222,12.8,6,1244,180,180,1,2
223,25.6,6,809,180,180,1,2
224,1.6,2,3948,0,180,0,2
225,3.2,5,1293,180,180,1,2
226,6.4,5,1769,180,180,1,2
227,1.6,1,4772,180,180,1,2
228,12.8,5,1021,180,180,1,2
229,12.8,6,2066,180,180,1,2
230,3.2,4,1285,0,0,1,2
231,12.8,6,911,180,180,1,2
232,1.6,3,2834,180,180,1,2
233,6.4,5,1424,0,0,1,2
234,3.2,5,4218,180,180,1,2
235,6.4,5,2720,180,180,1,2
236,12.8,6,739,0,0,1,2
237,1.6,6,1302,0,0,1,2
238,6.4,5,1409,180,180,1,2
239,6.4,6,1046,180,180,1,2
240,12.8,6,1387,180,180,1,2
241,12.8,6,1353,180,180,1,2
242,6.4,6,3408,180,180,1,2
243,3.2,5,3033,180,0,0,2
244,6.4,6,861,180,180,1,2
245,3.2,5,1873,180,180,1,2
246,3.2,6,1158,0,0,1,2
247,3.2,6,1460,0,180,0,2
248,3.2,5,783,180,0,0,2
249,6.4,5,674,0,0,1,2
250,25.6,6,897,0,0,1,2
251,6.4,6,1126,0,0,1,2
252,6.4,6,776,180,180,1,2
253,3.2,6,576,0,180,0,2
254,3.2,6,1093,0,180,0,2
255,1.6,6,703,180,180,1,2
256,12.8,6,1132,180,180,1,2
257,25.6,6,603,0,0,1,2
258,1.6,6,1051,180,180,1,2
259,12.8,6,1477,180,180,1,2
260,12.8,6,651,0,0,1,2
261,1.6,6,755,180,180,1,2
262,1.6,5,2045,180,0,0,2
263,12.8,6,874,0,0,1,2
264,1.6,4,4295,180,0,0,2
265,1.6,5,1759,0,0,1,2
266,6.4,6,1257,0,0,1,2
267,3.2,3,4147,180,180,1,2
268,25.6,6,688,0,0,1,2
269,25.6,6,974,0,0,1,2
270,6.4,5,1256,180,180,1,2
271,3.2,6,1311,0,0,1,2
272,25.6,6,639,180,180,1,2
273,12.8,3,2278,180,0,0,2
274,25.6,6,588,0,0,1,2
275,1.6,4,1217,0,0,1,2
276,6.4,4,998,180,180,1,2
277,1.6,3,3605,180,180,1,2
278,1.6,3,3181,180,180,1,2
279,3.2,3,1811,0,0,1,2
280,6.4,1,5025,0,0,1,2
281,25.6,6,752,180,180,1,2
282,3.2,3,3373,0,0,1,2
283,3.2,4,1999,180,180,1,2
284,3.2,4,2231,180,180,1,2
285,25.6,6,823,180,180,1,2
286,12.8,6,1123,0,0,1,2
287,12.8,4,1435,0,0,1,2
288,12.8,5,1033,180,180,1,2
289,3.2,2,4072,180,0,0,2
290,25.6,6,737,180,180,1,2
291,1.6,3,1106,180,180,1,2
292,25.6,6,756,0,0,1,2
293,1.6,1,3821,0,0,1,2
294,3.2,2,3074,180,0,0,2
295,25.6,6,993,180,180,1,2
296,1.6,5,1536,0,0,1,2
297,6.4,5,1677,180,180,1,2
298,25.6,6,849,180,180,1,2
299,1.6,1,5023,0,0,1,2
300,3.2,5,1214,180,180,1,2
301,6.4,6,982,0,0,1,2
302,12.8,6,883,180,180,1,2
303,3.2,4,2127,180,180,1,2
304,25.6,6,718,0,0,1,2
305,6.4,5,1447,180,180,1,2
306,25.6,6,690,180,180,1,2
307,3.2,5,1469,180,180,1,2
308,3.2,3,837,180,180,1,2
309,3.2,6,993,180,180,1,2
310,3.2,3,2478,180,0,0,2
311,12.8,6,666,180,180,1,2
312,6.4,1,3660,0,0,1,2
313,25.6,6,795,0,0,1,2
314,25.6,6,636,0,0,1,2
315,6.4,5,1215,180,180,1,2
316,12.8,6,624,0,0,1,2
317,25.6,6,513,180,180,1,2
318,6.4,5,1344,180,180,1,2
319,12.8,6,693,0,0,1,2
320,1.6,6,1271,180,180,1,2
321,25.6,6,608,180,180,1,2
322,25.6,4,573,180,180,1,2
323,3.2,3,1410,0,0,1,2
324,25.6,6,685,180,180,1,2
325,3.2,2,2468,180,180,1,2
326,25.6,6,760,180,180,1,2
327,25.6,6,917,0,0,1,2
328,12.8,6,780,0,0,1,2
329,1.6,5,1352,180,0,0,2
330,1.6,3,2999,0,0,1,2
331,12.8,6,1356,0,0,1,2
332,1.6,5,4062,0,0,1,2
333,25.6,6,728,180,180,1,2
334,6.4,6,1580,180,180,1,2
335,6.4,6,1672,180,180,1,2
336,25.6,6,646,0,0,1,2
337,25.6,6,553,180,180,1,2
338,3.2,5,1656,180,180,1,2
339,6.4,5,1844,180,0,0,2
340,1.6,4,1631,180,180,1,2
341,6.4,5,656,0,0,1,2
342,12.8,6,671,180,180,1,2
343,1.6,6,1474,180,180,1,2
344,3.2,4,1844,180,0,0,2
345,25.6,6,1489,180,180,1,2
346,6.4,3,3267,0,180,0,2
347,12.8,6,988,180,180,1,2
348,12.8,5,2085,180,180,1,2
349,25.6,6,720,0,0,1,2
350,1.6,5,1242,0,0,1,2
351,6.4,5,1327,180,180,1,2
352,3.2,4,2081,180,180,1,2
353,3.2,2,2027,0,180,0,2
354,3.2,5,891,180,180,1,2
355,1.6,5,2450,180,180,1,2
356,25.6,6,639,0,0,1,2
357,1.6,2,2987,180,180,1,2
358,25.6,6,611,0,0,1,2
359,12.8,6,968,180,180,1,2
360,12.8,6,1032,180,180,1,2
361,3.2,2,2343,180,0,0,2
362,25.6,6,567,0,0,1,2
363,3.2,5,1278,0,0,1,2
364,25.6,6,772,180,180,1,2
365,12.8,6,558,0,0,1,2
366,12.8,6,795,0,0,1,2
367,12.8,6,1397,0,0,1,2
368,6.4,6,1437,0,0,1,2
369,1.6,6,1214,0,180,0,2
370,25.6,6,699,180,180,1,2
371,25.6,6,819,0,0,1,2
372,1.6,5,1410,180,0,0,2
373,6.4,6,1482,0,0,1,2
374,6.4,4,849,180,0,0,2
375,12.8,6,728,0,0,1,2
376,1.6,5,1894,180,180,1,2
377,12.8,6,577,0,0,1,2
378,25.6,6,688,0,0,1,2
379,12.8,6,1150,0,0,1,2
380,6.4,4,1482,0,0,1,2
381,6.4,5,947,180,180,1,2
382,1.6,3,2639,180,180,1,2
383,25.6,6,635,0,0,1,2
384,6.4,1,4744,0,0,1,2
385,3.2,2,1731,180,180,1,2
386,12.8,4,1312,180,180,1,2
387,12.8,6,619,0,0,1,2
388,6.4,4,1642,0,0,1,2
389,6.4,5,824,180,0,0,2
390,12.8,5,864,0,0,1,2
391,6.4,5,1638,180,180,1,2
392,6.4,3,4966,0,0,1,2
393,3.2,5,978,180,0,0,2
394,1.6,2,2342,180,0,0,2
395,1.6,1,4245,0,0,1,2
396,3.2,1,1819,0,0,1,2
397,6.4,3,1927,0,0,1,2
398,25.6,6,748,180,180,1,2
399,3.2,3,3294,180,0,0,2
400,25.6,6,884,180,180,1,3
401,1.6,2,1756,180,0,0,3
402,6.4,1,2751,180,0,0,3
403,1.6,6,639,0,180,0,3
404,6.4,5,957,180,0,0,3
405,6.4,4,2139,0,0,1,3
406,3.2,4,1712,180,180,1,3
407,6.4,4,995,0,0,1,3
408,12.8,5,1221,0,0,1,3
409,1.6,5,927,180,180,1,3
410,6.4,5,1299,0,0,1,3
411,6.4,5,874,180,180,1,3
412,25.6,6,597,0,0,1,3
413,1.6,6,1632,0,0,1,3
414,6.4,6,772,0,0,1,3
415,6.4,5,1498,0,0,1,3
416,12.8,5,1055,180,180,1,3
417,3.2,6,1067,0,0,1,3
418,12.8,6,559,180,180,1,3
419,3.2,4,1704,180,0,0,3
420,1.6,3,3035,180,180,1,3
421,3.2,3,2200,180,180,1,3
422,25.6,6,707,0,0,1,3
423,6.4,6,1162,180,180,1,3
424,1.6,4,1860,0,0,1,3
425,6.4,5,2256,180,180,1,3
426,12.8,5,1677,180,180,1,3
427,1.6,4,1677,180,0,0,3
428,3.2,3,3027,0,0,1,3
429,1.6,3,2138,0,0,1,3
430,1.6,3,1150,180,0,0,3
431,25.6,5,703,0,0,1,3
432,1.6,5,1386,180,0,0,3
433,25.6,6,919,180,180,1,3
434,25.6,6,978,180,180,1,3
435,25.6,6,920,180,180,1,3
436,6.4,2,1578,0,0,1,3
437,25.6,4,697,0,0,1,3
438,12.8,5,704,180,180,1,3
439,1.6,4,1991,180,180,1,3
440,1.6,4,1813,180,180,1,3
441,1.6,1,3746,0,0,1,3
442,3.2,2,1885,0,0,1,3
443,1.6,3,1170,180,180,1,3
444,1.6,1,2937,0,0,1,3
445,12.8,6,1027,180,180,1,3
446,6.4,4,2239,180,0,0,3
447,6.4,5,1310,180,180,1,3
448,1.6,5,2321,180,0,0,3
449,3.2,3,3923,180,0,0,3
450,25.6,6,818,180,180,1,3
451,12.8,3,2065,0,0,1,3
452,3.2,3,1284,180,0,0,3
453,1.6,3,3216,180,180,1,3
454,1.6,1,3317,180,180,1,3
455,3.2,3,1688,0,0,1,3
456,6.4,1,3629,0,180,0,3
457,3.2,3,735,180,180,1,3
458,6.4,2,5023,180,180,1,3
459,12.8,5,794,180,180,1,3
460,12.8,5,3199,180,180,1,3
461,3.2,3,1984,180,180,1,3
462,1.6,1,5022,0,0,1,3
463,1.6,1,2210,180,0,0,3
464,6.4,1,1955,0,0,1,3
465,25.6,6,619,0,0,1,3
466,25.6,6,644,180,180,1,3
467,3.2,4,1829,180,180,1,3
468,25.6,6,751,0,0,1,3
469,12.8,6,778,0,0,1,3
470,3.2,5,1100,180,180,1,3
471,25.6,6,673,0,0,1,3
472,1.6,5,1166,180,180,1,3
473,3.2,5,877,0,0,1,3
474,1.6,6,1183,180,0,0,3
475,25.6,6,646,0,0,1,3
476,1.6,5,2810,0,0,1,3
477,12.8,5,1095,0,0,1,3
478,1.6,5,1352,180,0,0,3
479,6.4,6,692,0,0,1,3
480,3.2,6,797,0,180,0,3
481,6.4,6,1143,180,180,1,3
482,3.2,6,668,0,0,1,3
483,12.8,6,801,180,180,1,3
484,3.2,6,851,0,0,1,3
485,1.6,6,589,180,180,1,3
486,3.2,6,651,0,180,0,3
487,25.6,6,716,0,0,1,3
488,1.6,4,1179,180,0,0,3
489,12.8,5,626,0,0,1,3
490,3.2,4,2819,180,180,1,3
491,6.4,2,3398,180,180,1,3
492,25.6,5,781,0,0,1,3
493,12.8,6,752,180,180,1,3
494,25.6,6,656,0,0,1,3
495,6.4,6,1366,180,180,1,3
496,25.6,6,935,180,180,1,3
497,25.6,6,782,180,180,1,3
498,12.8,6,1180,180,180,1,3
499,6.4,5,1913,180,180,1,3
500,25.6,6,1055,180,180,1,3
501,6.4,4,1169,180,180,1,3
502,25.6,6,983,180,180,1,3
503,12.8,4,1850,180,180,1,3
504,12.8,4,770,180,180,1,3
505,3.2,5,1108,180,180,1,3
506,12.8,6,630,0,0,1,3
507,3.2,5,959,180,180,1,3
508,1.6,1,4268,180,180,1,3
509,12.8,6,965,0,0,1,3
510,3.2,1,3190,0,180,0,3
511,3.2,2,2778,0,180,0,3
512,1.6,2,2212,180,180,1,3
513,25.6,6,651,0,0,1,3
514,25.6,6,648,0,0,1,3
515,1.6,4,1176,180,180,1,3
516,3.2,4,1665,0,0,1,3
517,6.4,3,2155,180,180,1,3
518,12.8,4,1606,180,180,1,3
519,3.2,2,3515,0,180,0,3
520,6.4,4,1009,180,180,1,3
521,3.2,1,2163,180,180,1,3
522,6.4,3,1242,180,180,1,3
523,6.4,4,833,0,0,1,3
524,25.6,6,757,0,0,1,3
525,1.6,5,1593,0,180,0,3
526,3.2,4,1035,180,0,0,3
527,12.8,6,857,0,0,1,3
528,25.6,6,749,0,0,1,3
529,25.6,6,670,0,0,1,3
530,3.2,4,893,180,180,1,3
531,25.6,6,776,180,180,1,3
532,1.6,2,1793,180,0,0,3
533,12.8,4,860,0,0,1,3
534,12.8,6,675,180,180,1,3
535,12.8,6,961,180,180,1,3
536,1.6,2,1696,180,180,1,3
537,6.4,4,966,0,0,1,3
538,1.6,1,2978,180,180,1,3
539,6.4,4,1682,0,0,1,3
540,3.2,5,1568,180,0,0,3
541,25.6,6,679,0,0,1,3
542,12.8,6,1196,0,0,1,3
543,6.4,6,1152,0,0,1,3
544,12.8,6,1013,180,180,1,3
545,3.2,4,1581,180,180,1,3
546,12.8,6,583,0,0,1,3
547,1.6,1,2698,180,180,1,3
548,12.8,5,639,0,0,1,3
549,1.6,4,978,180,0,0,3
550,3.2,2,1981,0,0,1,3
551,1.6,4,734,180,180,1,3
552,25.6,6,797,180,180,1,3
553,3.2,5,1412,180,180,1,3
554,3.2,5,1890,180,0,0,3
555,25.6,6,1029,180,180,1,3
556,6.4,2,2752,180,180,1,3
557,25.6,6,751,180,180,1,3
558,3.2,3,842,180,0,0,3
559,3.2,3,1018,180,180,1,3
560,25.6,6,1060,180,180,1,3
561,6.4,5,1319,180,180,1,3
562,3.2,4,2204,180,0,0,3
563,12.8,6,1726,180,180,1,3
564,25.6,6,648,180,180,1,3
565,1.6,3,2364,0,0,1,3
566,3.2,1,3086,0,0,1,3
567,12.8,2,826,0,0,1,3
568,12.8,6,566,0,0,1,3
569,12.8,6,1198,0,0,1,3
570,6.4,4,1277,180,0,0,3
571,25.6,6,744,180,180,1,3
572,3.2,5,2576,180,0,0,3
573,25.6,6,703,0,0,1,3
574,12.8,6,1171,0,0,1,3
575,3.2,3,2373,0,0,1,3
576,3.2,2,2902,180,180,1,3
577,25.6,6,702,0,0,1,3
578,1.6,6,1329,180,180,1,3
579,6.4,6,978,180,180,1,3
580,6.4,6,1186,0,0,1,3
581,1.6,6,990,180,180,1,3
582,25.6,6,909,180,180,1,3
583,25.6,6,805,180,180,1,3
584,25.6,6,710,180,180,1,3
585,6.4,6,680,180,180,1,3
586,12.8,6,564,0,0,1,3
587,12.8,6,735,0,0,1,3
588,12.8,6,734,0,0,1,3
589,12.8,6,622,180,180,1,3
590,25.6,6,471,0,0,1,3
591,6.4,6,542,180,180,1,3
592,6.4,6,565,0,0,1,3
593,12.8,6,553,180,180,1,3
594,12.8,6,605,180,180,1,3
595,6.4,5,3390,180,0,0,3
596,1.6,6,655,0,0,1,3
597,6.4,6,888,0,0,1,3
598,6.4,5,847,180,180,1,3
599,12.8,6,591,0,0,1,3
600,6.4,5,1352,180,180,1,4
601,12.8,6,656,180,180,1,4
602,12.8,4,1241,180,0,0,4
603,1.6,5,619,180,0,0,4
604,1.6,1,902,0,0,1,4
605,6.4,5,659,180,180,1,4
606,3.2,2,1390,0,0,1,4
607,3.2,3,1475,180,180,1,4
608,25.6,6,917,180,180,1,4
609,1.6,3,1332,180,0,0,4
610,12.8,4,1149,180,180,1,4
611,6.4,1,775,0,180,0,4
612,1.6,4,978,180,180,1,4
613,12.8,6,796,180,180,1,4
614,3.2,3,1304,180,180,1,4
615,12.8,5,768,0,0,1,4
616,25.6,6,872,0,0,1,4
617,25.6,6,592,180,180,1,4
618,25.6,6,859,180,180,1,4
619,25.6,5,652,0,0,1,4
620,3.2,2,2363,0,0,1,4
621,1.6,2,1400,180,0,0,4
622,25.6,6,715,180,180,1,4
623,25.6,6,631,0,0,1,4
624,12.8,6,727,180,180,1,4
625,1.6,3,1393,180,0,0,4
626,6.4,5,1079,0,0,1,4
627,6.4,3,609,0,0,1,4
628,3.2,5,818,180,180,1,4
629,12.8,5,1534,180,180,1,4
630,25.6,6,530,0,0,1,4
631,12.8,6,800,180,180,1,4
632,25.6,6,513,0,0,1,4
633,12.8,6,777,0,0,1,4
634,6.4,4,1665,0,0,1,4
635,25.6,6,936,0,0,1,4
636,25.6,6,700,180,180,1,4
637,1.6,4,1742,180,180,1,4
638,6.4,5,563,0,0,1,4
639,3.2,4,597,180,180,1,4
640,1.6,6,535,0,180,0,4
641,3.2,4,546,180,180,1,4
642,1.6,4,850,0,180,0,4
643,3.2,4,1251,0,0,1,4
644,6.4,3,1619,180,180,1,4
645,12.8,6,823,180,180,1,4
646,12.8,2,786,0,0,1,4
647,6.4,4,800,0,0,1,4
648,6.4,5,864,0,0,1,4
649,12.8,5,902,180,180,1,4
650,6.4,6,845,0,0,1,4
651,3.2,6,740,180,180,1,4
652,3.2,5,1522,180,0,0,4
653,12.8,5,1354,180,180,1,4
654,1.6,5,766,0,180,0,4
655,6.4,3,713,180,180,1,4
656,3.2,5,837,180,0,0,4
657,3.2,5,1230,180,180,1,4
658,1.6,6,757,0,0,1,4
659,6.4,6,1520,0,0,1,4
660,25.6,6,823,0,0,1,4
661,25.6,6,655,180,180,1,4
662,25.6,6,571,0,0,1,4
663,1.6,5,795,0,180,0,4
664,6.4,5,1230,0,0,1,4
665,1.6,6,598,180,180,1,4
666,6.4,6,1351,180,180,1,4
667,12.8,6,1088,180,180,1,4
668,6.4,6,731,0,0,1,4
669,25.6,6,673,0,0,1,4
670,12.8,5,863,180,0,0,4
671,3.2,5,1497,180,180,1,4
672,25.6,6,734,180,180,1,4
673,12.8,6,633,0,0,1,4
674,3.2,4,637,180,0,0,4
675,12.8,4,815,0,0,1,4
676,6.4,4,1124,180,0,0,4
677,3.2,3,1327,0,0,1,4
678,6.4,2,3465,0,0,1,4
679,25.6,6,536,0,0,1,4
680,3.2,5,1431,0,0,1,4
681,12.8,6,626,180,180,1,4
682,6.4,6,809,180,180,1,4
683,25.6,6,584,180,180,1,4
684,25.6,6,792,180,180,1,4
685,25.6,6,796,180,180,1,4
686,12.8,5,1271,0,0,1,4
687,6.4,6,1098,180,180,1,4
688,25.6,6,603,180,180,1,4
689,12.8,4,1466,180,180,1,4
690,25.6,6,599,0,0,1,4
691,3.2,2,2130,0,0,1,4
692,3.2,5,663,180,180,1,4
693,12.8,5,638,180,180,1,4
694,12.8,5,1125,0,0,1,4
695,6.4,2,1410,0,0,1,4
696,3.2,2,1299,180,0,0,4
697,25.6,6,632,180,180,1,4
698,25.6,6,627,180,180,1,4
699,6.4,2,873,0,180,0,4
700,1.6,1,2613,0,180,0,4
701,3.2,2,1247,180,180,1,4
702,6.4,5,1447,180,180,1,4
703,1.6,1,1669,180,0,0,4
704,6.4,1,2519,0,0,1,4
705,3.2,1,2522,0,0,1,4
706,1.6,1,877,180,0,0,4
707,6.4,4,554,0,0,1,4
708,3.2,3,2034,0,0,1,4
709,6.4,1,2485,180,180,1,4
710,3.2,1,1857,180,0,0,4
711,1.6,1,1905,0,180,0,4
712,6.4,1,1186,180,180,1,4
713,3.2,1,1959,180,0,0,4
714,1.6,1,1545,0,0,1,4
715,1.6,3,973,180,0,0,4
716,3.2,4,1352,180,180,1,4
717,3.2,5,1199,180,180,1,4
718,3.2,5,924,180,180,1,4
719,12.8,5,746,0,0,1,4
720,3.2,4,900,180,180,1,4
721,6.4,5,1374,180,180,1,4
722,1.6,5,877,0,180,0,4
723,6.4,5,1604,0,0,1,4
724,1.6,5,1012,180,0,0,4
725,1.6,4,1061,180,180,1,4
726,25.6,6,574,0,0,1,4
727,25.6,6,590,180,180,1,4
728,3.2,5,989,0,0,1,4
729,12.8,4,637,180,0,0,4
730,3.2,2,1757,180,180,1,4
731,25.6,6,448,0,0,1,4
732,6.4,5,541,180,180,1,4
733,1.6,6,561,0,180,0,4
734,1.6,4,906,180,180,1,4
735,6.4,6,771,0,180,0,4
736,1.6,3,708,180,0,0,4
737,25.6,6,593,180,180,1,4
738,3.2,5,615,180,180,1,4
739,25.6,6,653,180,180,1,4
740,3.2,6,520,0,0,1,4
741,1.6,4,1193,180,180,1,4
742,12.8,6,780,180,180,1,4
743,1.6,5,581,0,180,0,4
744,1.6,1,2384,180,0,0,4
745,1.6,5,622,180,0,0,4
746,3.2,5,1419,180,0,0,4
747,3.2,5,705,0,0,1,4
748,6.4,5,731,0,0,1,4
749,1.6,5,1905,0,0,1,4
750,12.8,6,678,180,0,0,4
751,6.4,2,1946,180,0,0,4
752,12.8,2,1344,180,0,0,4
753,1.6,1,1611,180,0,0,4
754,1.6,1,1484,0,180,0,4
755,12.8,6,792,180,180,1,4
756,1.6,1,2080,0,180,0,4
757,1.6,1,1727,180,0,0,4
758,25.6,6,783,0,0,1,4
759,25.6,6,817,0,0,1,4
760,25.6,6,684,0,0,1,4
761,6.4,6,1240,180,180,1,4
762,25.6,6,608,0,0,1,4
763,25.6,6,763,0,0,1,4
764,12.8,6,1187,0,0,1,4
765,1.6,5,1185,0,0,1,4
766,1.6,6,566,180,180,1,4
767,12.8,6,769,0,0,1,4
768,12.8,5,1421,0,0,1,4
769,3.2,3,1227,180,180,1,4
770,1.6,4,986,0,0,1,4
771,6.4,4,1723,0,0,1,4
772,25.6,6,786,180,180,1,4
773,3.2,5,625,0,180,0,4
774,25.6,4,1201,0,0,1,4
775,12.8,6,750,180,180,1,4
776,12.8,6,899,0,0,1,4
777,6.4,2,2006,180,0,0,4
778,12.8,2,879,180,180,1,4
779,3.2,4,1106,180,0,0,4
780,25.6,6,643,180,180,1,4
781,12.8,6,566,0,0,1,4
782,12.8,5,1241,0,0,1,4
783,3.2,3,1427,0,180,0,4
784,25.6,5,680,0,0,1,4
785,12.8,2,1208,180,180,1,4
786,6.4,1,1441,180,180,1,4
787,25.6,6,753,180,180,1,4
788,12.8,2,1224,0,180,0,4
789,6.4,6,676,180,180,1,4
790,3.2,1,1660,180,180,1,4
791,25.6,6,763,180,180,1,4
792,3.2,1,697,180,0,0,4
793,1.6,2,1748,180,180,1,4
794,6.4,3,1832,180,180,1,4
795,1.6,1,976,0,180,0,4
796,1.6,2,1605,0,0,1,4
797,12.8,6,730,0,0,1,4
798,12.8,6,672,180,180,1,4
799,6.4,5,1104,180,180,1,4
800,6.4,6,936,0,0,1,5
801,12.8,6,542,180,180,1,5
802,6.4,6,539,0,0,1,5
803,25.6,6,647,0,0,1,5
804,25.6,6,502,180,180,1,5
805,1.6,5,522,0,0,1,5
806,3.2,5,485,180,180,1,5
807,12.8,6,483,0,0,1,5
808,3.2,4,407,180,0,0,5
809,25.6,6,613,180,180,1,5
810,6.4,6,651,0,0,1,5
811,3.2,6,429,180,180,1,5
812,12.8,1,732,180,180,1,5
813,25.6,6,536,0,0,1,5
814,12.8,5,531,180,180,1,5
815,12.8,5,533,180,180,1,5
816,1.6,4,1117,0,180,0,5
817,1.6,3,644,180,180,1,5
818,3.2,2,519,0,180,0,5
819,3.2,4,594,180,0,0,5
820,1.6,4,654,180,0,0,5
821,1.6,1,525,0,0,1,5
822,12.8,1,1105,180,180,1,5
823,6.4,2,792,0,0,1,5
824,6.4,3,524,180,180,1,5
825,3.2,3,771,180,180,1,5
826,6.4,5,919,180,0,0,5
827,6.4,6,1202,180,0,0,5
828,1.6,5,1345,180,180,1,5
829,25.6,6,695,0,0,1,5
830,6.4,2,760,180,0,0,5
831,25.6,6,727,180,180,1,5
832,25.6,6,575,0,0,1,5
833,3.2,6,598,180,0,0,5
834,25.6,6,611,0,0,1,5
835,1.6,4,704,180,0,0,5
836,6.4,5,889,180,180,1,5
837,6.4,6,524,0,0,1,5
838,25.6,6,823,0,0,1,5
839,25.6,6,742,0,0,1,5
840,12.8,6,617,180,180,1,5
841,12.8,2,704,180,180,1,5
842,12.8,2,706,180,180,1,5
843,25.6,3,568,180,180,1,5
844,25.6,6,797,180,180,1,5
845,12.8,6,615,0,0,1,5
846,1.6,3,667,180,0,0,5
847,12.8,6,723,0,0,1,5
848,1.6,2,592,180,180,1,5
849,25.6,6,569,180,180,1,5
850,25.6,6,511,0,0,1,5
851,25.6,6,504,180,180,1,5
852,25.6,6,674,180,180,1,5
853,1.6,6,627,0,180,0,5
854,1.6,4,611,180,180,1,5
855,3.2,2,703,180,180,1,5
856,1.6,2,647,0,0,1,5
857,6.4,2,794,0,180,0,5
858,6.4,1,642,0,0,1,5
859,3.2,2,658,180,180,1,5
860,3.2,1,731,0,0,1,5
861,3.2,4,571,180,0,0,5
862,12.8,5,590,0,0,1,5
863,6.4,4,798,180,180,1,5
864,25.6,6,543,0,0,1,5
865,1.6,5,550,180,180,1,5
866,6.4,4,552,0,0,1,5
867,6.4,4,667,0,0,1,5
868,3.2,6,600,180,180,1,5
869,12.8,6,892,180,180,1,5
870,3.2,2,980,0,180,0,5
871,3.2,2,710,180,180,1,5
872,3.2,3,612,180,0,0,5
873,12.8,6,524,0,0,1,5
874,12.8,5,715,180,180,1,5
875,1.6,2,629,0,180,0,5
876,6.4,4,621,0,180,0,5
877,1.6,2,768,180,0,0,5
878,1.6,3,609,0,180,0,5
879,6.4,5,1066,180,180,1,5
880,12.8,4,621,0,0,1,5
881,3.2,5,763,180,180,1,5
882,1.6,6,837,180,0,0,5
883,6.4,6,608,0,0,1,5
884,12.8,6,607,0,0,1,5
885,3.2,3,664,180,0,0,5
886,12.8,6,516,180,180,1,5
887,6.4,5,544,0,180,0,5
888,6.4,6,896,180,180,1,5
889,6.4,5,1165,180,180,1,5
890,12.8,1,648,180,180,1,5
891,25.6,6,571,0,0,1,5
892,6.4,5,776,0,180,0,5
893,25.6,6,660,0,0,1,5
894,6.4,2,1153,0,180,0,5
895,1.6,1,792,0,180,0,5
896,1.6,3,661,0,0,1,5
897,12.8,5,606,0,0,1,5
898,3.2,5,571,180,0,0,5
899,6.4,5,1033,180,180,1,5
900,1.6,6,569,0,180,0,5
901,12.8,6,1103,180,180,1,5
902,6.4,6,657,0,0,1,5
903,3.2,1,1027,0,180,0,5
904,25.6,6,537,180,180,1,5
905,3.2,4,631,180,180,1,5
906,3.2,3,1233,180,0,0,5
907,1.6,4,740,180,180,1,5
908,3.2,6,608,0,180,0,5
909,1.6,2,708,180,0,0,5
910,3.2,1,796,0,0,1,5
911,6.4,4,616,180,180,1,5
912,3.2,1,922,180,0,0,5
913,6.4,4,717,0,0,1,5
914,6.4,5,560,180,180,1,5
915,1.6,2,979,180,0,0,5
916,25.6,6,607,180,180,1,5
917,6.4,2,726,180,0,0,5
918,1.6,4,702,180,0,0,5
919,12.8,6,634,0,0,1,5
920,12.8,6,606,180,180,1,5
921,3.2,1,1585,180,180,1,5
922,12.8,6,591,0,0,1,5
923,25.6,6,580,0,0,1,5
924,3.2,6,914,0,180,0,5
925,6.4,6,844,180,180,1,5
926,25.6,6,695,0,0,1,5
927,25.6,6,577,0,0,1,5
928,12.8,4,580,180,0,0,5
929,3.2,3,794,180,180,1,5
930,25.6,6,624,180,180,1,5
931,25.6,6,558,180,180,1,5
932,1.6,5,538,0,180,0,5
933,6.4,4,931,0,180,0,5
934,12.8,6,539,180,180,1,5
935,3.2,6,608,180,180,1,5
936,6.4,1,726,180,0,0,5
937,25.6,6,628,180,180,1,5
938,3.2,1,780,180,180,1,5
939,1.6,1,1046,180,180,1,5
940,12.8,6,635,180,180,1,5
941,6.4,5,850,0,0,1,5
942,6.4,4,659,180,180,1,5
943,3.2,2,1055,180,0,0,5
944,3.2,2,661,0,0,1,5
945,25.6,6,550,180,180,1,5
946,3.2,4,746,0,0,1,5
947,3.2,1,902,0,0,1,5
948,6.4,5,575,180,180,1,5
949,25.6,6,640,180,180,1,5
950,3.2,5,868,0,180,0,5
951,1.6,1,674,0,180,0,5
952,1.6,3,507,180,180,1,5
953,1.6,3,662,180,0,0,5
954,1.6,4,605,180,0,0,5
955,3.2,1,854,180,0,0,5
956,12.8,1,1269,180,0,0,5
957,25.6,6,533,0,0,1,5
958,1.6,1,638,180,180,1,5
959,3.2,4,682,0,0,1,5
960,12.8,2,1172,0,0,1,5
961,25.6,6,538,180,180,1,5
962,12.8,6,579,0,0,1,5
963,12.8,5,1055,0,0,1,5
964,12.8,4,997,0,0,1,5
965,25.6,6,599,180,180,1,5
966,12.8,6,572,0,0,1,5
967,25.6,6,761,0,0,1,5
968,25.6,6,736,0,0,1,5
969,12.8,6,286,0,180,0,5
970,12.8,6,577,180,180,1,5
971,6.4,5,838,180,180,1,5
972,25.6,6,645,180,180,1,5
973,25.6,6,564,0,0,1,5
974,1.6,3,511,180,0,0,5
975,12.8,3,660,0,0,1,5
976,25.6,5,454,180,180,1,5
977,6.4,4,491,0,0,1,5
978,1.6,5,677,0,0,1,5
979,25.6,6,539,180,180,1,5
980,3.2,3,868,180,180,1,5
981,25.6,5,519,0,0,1,5
982,1.6,2,823,180,180,1,5
983,3.2,4,460,0,0,1,5
984,1.6,3,523,0,0,1,5
985,12.8,5,518,180,180,1,5
986,1.6,4,558,0,0,1,5
987,6.4,4,615,180,180,1,5
988,12.8,4,550,0,0,1,5
989,1.6,3,497,180,0,0,5
990,6.4,4,525,0,0,1,5
991,12.8,3,891,0,0,1,5
992,3.2,2,581,0,0,1,5
993,1.6,2,550,180,0,0,5
994,25.6,6,523,0,0,1,5
995,1.6,1,699,180,180,1,5
996,12.8,3,585,180,180,1,5
997,6.4,2,1411,180,0,0,5
998,1.6,1,701,180,180,1,5
999,3.2,1,904,0,0,1,5
1000,3.2,2,957,0,180,0,6
1001,3.2,5,629,0,0,1,6
1002,12.8,6,484,180,180,1,6
1003,1.6,6,478,0,0,1,6
1004,12.8,4,426,180,0,0,6
1005,1.6,5,561,180,180,1,6
1006,6.4,6,502,0,0,1,6
1007,1.6,6,374,180,0,0,6
1008,1.6,6,475,0,0,1,6
1009,25.6,5,409,180,180,1,6
1010,6.4,5,575,180,0,0,6
1011,6.4,5,452,0,180,0,6
1012,3.2,4,405,180,0,0,6
1013,6.4,5,496,0,180,0,6
1014,25.6,6,460,180,180,1,6
1015,6.4,3,603,180,180,1,6
1016,12.8,5,444,0,0,1,6
1017,25.6,2,552,180,0,0,6
1018,12.8,4,494,0,180,0,6
1019,1.6,2,470,0,180,0,6
1020,6.4,4,722,180,180,1,6
1021,1.6,2,990,0,180,0,6
1022,3.2,5,889,180,180,1,6
1023,1.6,1,1192,0,0,1,6
1024,6.4,2,580,0,0,1,6
1025,6.4,4,581,180,180,1,6
1026,6.4,2,662,0,0,1,6
1027,25.6,6,590,180,180,1,6
1028,25.6,6,504,0,0,1,6
1029,3.2,3,750,180,180,1,6
1030,25.6,6,535,0,0,1,6
1031,12.8,6,883,0,0,1,6
1032,6.4,3,941,180,0,0,6
1033,3.2,2,744,0,180,0,6
1034,25.6,6,556,180,180,1,6
1035,3.2,3,641,180,0,0,6
1036,1.6,1,1271,0,0,1,6
1037,3.2,5,578,180,0,0,6
1038,3.2,3,1104,180,0,0,6
1039,1.6,2,2023,0,0,1,6
1040,12.8,4,586,180,180,1,6
1041,3.2,2,1158,180,0,0,6
1042,3.2,2,1136,180,0,0,6
1043,25.6,6,863,0,0,1,6
1044,3.2,5,552,180,180,1,6
1045,12.8,6,1134,0,0,1,6
1046,3.2,5,1220,0,0,1,6
1047,6.4,6,547,180,180,1,6
1048,1.6,6,1452,0,180,0,6
1049,25.6,6,619,180,180,1,6
1050,3.2,5,593,0,0,1,6
1051,1.6,3,799,180,180,1,6
1052,1.6,5,571,180,180,1,6
1053,1.6,2,1687,0,0,1,6
1054,12.8,6,607,180,180,1,6
1055,12.8,1,516,180,180,1,6
1056,25.6,6,625,180,180,1,6
1057,25.6,6,892,0,0,1,6
1058,3.2,1,626,180,0,0,6
1059,6.4,1,621,0,0,1,6
1060,25.6,6,637,180,180,1,6
1061,25.6,6,529,0,0,1,6
1062,1.6,6,784,180,180,1,6
1063,3.2,1,676,0,180,0,6
1064,12.8,6,553,180,180,1,6
1065,6.4,2,1363,180,0,0,6
1066,6.4,5,580,0,180,0,6
1067,25.6,6,668,0,0,1,6
1068,12.8,6,891,0,0,1,6
1069,6.4,1,954,0,0,1,6
1070,12.8,2,782,0,0,1,6
1071,25.6,6,687,0,0,1,6
1072,12.8,6,838,180,180,1,6
1073,6.4,6,985,0,0,1,6
1074,6.4,6,495,180,180,1,6
1075,12.8,5,696,180,180,1,6
1076,1.6,1,1383,0,0,1,6
1077,25.6,6,745,0,0,1,6
1078,25.6,6,767,0,0,1,6
1079,6.4,3,1073,0,0,1,6
1080,1.6,4,632,180,0,0,6
1081,25.6,5,727,0,0,1,6
1082,12.8,2,650,0,0,1,6
1083,3.2,1,950,0,0,1,6
1084,1.6,2,940,0,0,1,6
1085,6.4,1,873,180,180,1,6
1086,12.8,1,588,0,0,1,6
1087,3.2,1,923,180,180,1,6
1088,1.6,2,986,180,0,0,6
1089,1.6,3,633,0,0,1,6
1090,6.4,2,623,0,180,0,6
1091,12.8,6,628,0,0,1,6
1092,6.4,3,531,180,180,1,6
1093,3.2,2,553,0,0,1,6
1094,3.2,4,503,180,180,1,6
1095,25.6,6,521,0,0,1,6
1096,6.4,6,501,180,180,1,6
1097,12.8,6,666,0,0,1,6
1098,1.6,3,929,180,0,0,6
1099,1.6,4,637,180,180,1,6
1100,6.4,4,550,180,180,1,6
1101,25.6,6,575,180,180,1,6
1102,25.6,6,745,180,180,1,6
1103,1.6,1,922,180,180,1,6
1104,6.4,1,759,0,0,1,6
1105,3.2,3,499,0,0,1,6
1106,1.6,2,808,0,0,1,6
1107,3.2,2,627,180,0,0,6
1108,3.2,1,552,180,180,1,6
1109,12.8,4,691,0,0,1,6
1110,3.2,5,522,180,180,1,6
1111,12.8,6,614,180,180,1,6
1112,3.2,1,980,180,180,1,6
1113,1.6,2,645,180,0,0,6
1114,25.6,6,580,180,180,1,6
1115,12.8,6,530,180,180,1,6
1116,1.6,2,820,180,180,1,6
1117,3.2,3,998,180,0,0,6
1118,6.4,6,526,0,0,1,6
1119,25.6,6,544,0,0,1,6
1120,12.8,4,656,0,0,1,6
1121,12.8,5,566,180,180,1,6
1122,3.2,6,519,0,180,0,6
1123,25.6,6,559,0,0,1,6
1124,12.8,3,645,180,180,1,6
1125,12.8,5,594,180,180,1,6
1126,12.8,5,519,180,180,1,6
1127,12.8,6,969,0,0,1,6
1128,1.6,6,674,180,180,1,6
1129,25.6,6,673,180,180,1,6
1130,25.6,6,666,180,180,1,6
1131,3.2,5,672,180,180,1,6
1132,12.8,5,542,180,180,1,6
1133,6.4,4,676,180,0,0,6
1134,1.6,4,649,180,0,0,6
1135,6.4,4,809,0,180,0,6
1136,6.4,2,720,180,0,0,6
1137,25.6,5,636,0,0,1,6
1138,3.2,4,933,0,180,0,6
1139,6.4,5,618,0,0,1,6
1140,12.8,6,706,0,0,1,6
1141,1.6,3,773,180,180,1,6
1142,25.6,6,501,180,180,1,6
1143,6.4,4,999,180,0,0,6
1144,1.6,5,512,0,180,0,6
1145,1.6,6,532,180,180,1,6
1146,1.6,1,925,180,180,1,6
1147,6.4,4,701,180,180,1,6
1148,25.6,6,737,180,180,1,6
1149,6.4,5,787,180,180,1,6
1150,12.8,1,683,0,0,1,6
1151,12.8,4,959,0,0,1,6
1152,25.6,6,647,0,0,1,6
1153,12.8,5,599,0,0,1,6
1154,25.6,4,606,0,0,1,6
1155,1.6,5,466,180,0,0,6
1156,25.6,6,640,0,0,1,6
1157,1.6,5,876,180,0,0,6
1158,25.6,6,544,180,180,1,6
1159,12.8,5,516,0,0,1,6
1160,3.2,4,398,180,180,1,6
1161,25.6,5,577,180,180,1,6
1162,3.2,3,637,180,0,0,6
1163,12.8,5,736,180,180,1,6
1164,3.2,1,579,0,0,1,6
1165,3.2,2,748,0,0,1,6
1166,12.8,5,499,180,180,1,6
1167,1.6,3,542,180,180,1,6
1168,25.6,6,593,180,180,1,6
1169,12.8,1,605,0,0,1,6
1170,25.6,6,556,0,0,1,6
1171,3.2,3,538,180,0,0,6
1172,1.6,3,639,180,180,1,6
1173,6.4,1,610,0,0,1,6
1174,1.6,3,699,180,180,1,6
1175,25.6,6,563,180,180,1,6
1176,6.4,3,484,0,0,1,6
1177,3.2,3,657,180,180,1,6
1178,3.2,2,554,180,180,1,6
1179,12.8,2,624,180,180,1,6
1180,6.4,2,677,180,180,1,6
1181,3.2,4,973,180,180,1,6
1182,1.6,4,567,0,0,1,6
1183,12.8,5,434,180,180,1,6
1184,6.4,4,638,0,0,1,6
1185,1.6,3,530,180,0,0,6
1186,25.6,5,569,180,180,1,6
1187,6.4,5,657,180,180,1,6
1188,6.4,5,666,180,180,1,6
1189,25.6,6,728,0,0,1,6
1190,12.8,6,459,180,180,1,6
1191,6.4,1,892,180,180,1,6
1192,25.6,6,620,180,180,1,6
1193,1.6,6,636,0,180,0,6
1194,6.4,4,512,180,0,0,6
1195,3.2,2,572,0,180,0,6
1196,3.2,4,506,180,180,1,6
1197,3.2,2,689,0,0,1,6
1198,1.6,4,668,180,180,1,6
1199,12.8,5,460,0,0,1,6
1200,25.6,4,1618,0,0,1,7
1201,3.2,3,1653,0,0,1,7
1202,1.6,3,1606,180,180,1,7
1203,12.8,6,578,0,0,1,7
1204,6.4,6,1715,0,0,1,7
1205,12.8,5,1105,180,0,0,7
1206,6.4,6,900,0,0,1,7
1207,1.6,5,1832,0,180,0,7
1208,1.6,2,1348,180,180,1,7
1209,1.6,5,1742,180,180,1,7
1210,6.4,6,676,0,0,1,7
1211,6.4,6,973,180,180,1,7
1212,3.2,5,992,180,180,1,7
1213,25.6,6,610,0,0,1,7
1214,12.8,6,1054,0,0,1,7
1215,12.8,6,1201,180,180,1,7
1216,1.6,4,1193,0,180,0,7
1217,25.6,6,627,180,180,1,7
1218,6.4,5,879,0,0,1,7
1219,12.8,6,1156,180,180,1,7
1220,3.2,5,1340,180,180,1,7
1221,6.4,3,1578,180,180,1,7
1222,12.8,6,911,180,180,1,7
1223,3.2,6,1291,0,180,0,7
1224,12.8,5,975,0,0,1,7
1225,25.6,6,577,180,180,1,7
1226,3.2,5,1436,0,180,0,7
1227,1.6,5,1548,0,180,0,7
1228,1.6,5,1623,180,0,0,7
1229,1.6,5,1990,180,180,1,7
1230,12.8,6,966,0,0,1,7
1231,25.6,6,625,180,180,1,7
1232,1.6,5,917,0,180,0,7
1233,3.2,5,1256,0,0,1,7
1234,6.4,4,1468,180,180,1,7
1235,25.6,6,812,180,180,1,7
1236,25.6,6,579,0,0,1,7
1237,3.2,5,854,0,0,1,7
1238,6.4,3,881,180,0,0,7
1239,1.6,2,1377,0,0,1,7
1240,12.8,6,784,180,180,1,7
1241,3.2,5,1197,180,180,1,7
1242,25.6,6,679,0,0,1,7
1243,6.4,2,1056,180,0,0,7
1244,12.8,6,775,180,180,1,7
1245,1.6,6,638,0,0,1,7
1246,1.6,2,1356,0,180,0,7
1247,3.2,5,584,0,180,0,7
1248,1.6,4,1028,180,180,1,7
1249,12.8,6,750,0,0,1,7
1250,25.6,6,772,180,180,1,7
1251,3.2,4,780,180,180,1,7
1252,6.4,4,1239,180,180,1,7
1253,25.6,6,808,180,180,1,7
1254,12.8,6,683,0,0,1,7
1255,6.4,4,828,180,180,1,7
1256,12.8,6,994,180,180,1,7
1257,25.6,6,626,0,0,1,7
1258,6.4,3,649,180,0,0,7
1259,3.2,3,874,0,0,1,7
1260,3.2,5,845,180,0,0,7
1261,6.4,4,1291,180,0,0,7
1262,1.6,2,996,180,0,0,7
1263,12.8,6,639,0,0,1,7
1264,3.2,6,912,180,180,1,7
1265,25.6,6,651,180,180,1,7
1266,25.6,6,595,0,0,1,7
1267,12.8,6,938,0,0,1,7
1268,25.6,6,641,180,180,1,7
1269,6.4,2,1100,0,0,1,7
1270,25.6,4,931,0,0,1,7
1271,6.4,5,700,180,180,1,7
1272,1.6,1,1403,0,180,0,7
1273,3.2,5,707,180,0,0,7
1274,3.2,5,939,0,0,1,7
1275,3.2,5,745,180,0,0,7
1276,1.6,1,1296,0,0,1,7
1277,25.6,4,1484,0,0,1,7
1278,25.6,6,824,0,0,1,7
1279,6.4,6,930,180,180,1,7
1280,12.8,6,933,0,0,1,7
1281,25.6,6,855,0,0,1,7
1282,6.4,5,909,0,0,1,7
1283,1.6,6,823,180,180,1,7
1284,25.6,6,564,0,0,1,7
1285,1.6,1,1195,0,0,1,7
1286,12.8,6,661,180,180,1,7
1287,1.6,5,990,180,180,1,7
1288,1.6,2,1000,0,0,1,7
1289,3.2,5,635,180,180,1,7
1290,12.8,6,938,180,180,1,7
1291,6.4,5,1249,180,180,1,7
1292,6.4,1,1767,0,0,1,7
1293,12.8,6,1043,180,180,1,7
1294,6.4,5,612,0,0,1,7
1295,6.4,5,803,180,180,1,7
1296,6.4,3,845,0,180,0,7
1297,1.6,4,1130,180,0,0,7
1298,25.6,6,749,180,180,1,7
1299,3.2,2,980,0,0,1,7
1300,3.2,4,1164,180,0,0,7
1301,1.6,3,1054,180,180,1,7
1302,3.2,5,845,0,0,1,7
1303,6.4,3,1577,180,0,0,7
1304,1.6,2,932,0,0,1,7
1305,25.6,6,657,180,180,1,7
1306,25.6,6,899,180,180,1,7
1307,6.4,5,1248,180,180,1,7
1308,3.2,2,690,180,180,1,7
1309,12.8,6,662,180,180,1,7
1310,12.8,6,576,0,0,1,7
1311,25.6,5,624,0,0,1,7
1312,6.4,6,671,180,180,1,7
1313,25.6,5,592,180,180,1,7
1314,6.4,5,710,180,180,1,7
1315,25.6,6,614,0,0,1,7
1316,25.6,6,618,0,0,1,7
1317,12.8,6,581,180,180,1,7
1318,1.6,3,804,180,0,0,7
1319,3.2,2,893,0,0,1,7
1320,6.4,2,804,180,0,0,7
1321,25.6,6,825,180,180,1,7
1322,1.6,3,988,180,0,0,7
1323,6.4,3,862,180,180,1,7
1324,3.2,3,1101,0,0,1,7
1325,1.6,3,772,180,0,0,7
1326,1.6,4,713,0,0,1,7
1327,6.4,5,894,0,0,1,7
1328,6.4,3,1050,0,0,1,7
1329,3.2,6,828,180,180,1,7
1330,6.4,3,1118,0,0,1,7
1331,6.4,2,834,180,180,1,7
1332,25.6,6,651,0,0,1,7
1333,3.2,5,855,180,180,1,7
1334,25.6,6,577,0,0,1,7
1335,3.2,5,868,180,0,0,7
1336,6.4,6,919,180,180,1,7
1337,12.8,6,937,180,180,1,7
1338,12.8,6,879,0,0,1,7
1339,25.6,6,717,0,0,1,7
1340,3.2,5,697,180,180,1,7
1341,3.2,4,568,0,0,1,7
1342,1.6,5,933,180,0,0,7
1343,12.8,5,683,180,180,1,7
1344,1.6,2,1104,0,0,1,7
1345,12.8,5,806,180,180,1,7
1346,3.2,2,987,0,180,0,7
1347,25.6,6,664,0,0,1,7
1348,1.6,6,826,180,180,1,7
1349,1.6,5,626,0,0,1,7
1350,1.6,3,884,180,0,0,7
1351,3.2,2,1073,0,180,0,7
1352,12.8,5,1011,0,0,1,7
1353,25.6,6,619,180,180,1,7
1354,1.6,2,945,180,180,1,7
1355,6.4,5,698,0,0,1,7
1356,12.8,6,664,180,180,1,7
1357,12.8,6,1096,180,180,1,7
1358,25.6,6,652,180,180,1,7
1359,25.6,6,1055,180,180,1,7
1360,6.4,5,1023,180,180,1,7
1361,6.4,4,834,0,0,1,7
1362,3.2,5,1005,180,180,1,7
1363,3.2,3,709,0,180,0,7
1364,25.6,5,753,180,180,1,7
1365,12.8,3,989,0,180,0,7
1366,12.8,5,736,0,0,1,7
1367,25.6,6,992,0,0,1,7
1368,12.8,6,1132,0,0,1,7
1369,1.6,6,1557,0,180,0,7
1370,12.8,6,841,180,180,1,7
1371,25.6,6,623,0,0,1,7
1372,12.8,6,809,0,0,1,7
1373,1.6,5,923,0,0,1,7
1374,3.2,6,766,180,180,1,7
1375,3.2,6,944,0,0,1,7
1376,1.6,6,1088,180,180,1,7
1377,1.6,3,1350,0,0,1,7
1378,25.6,6,577,180,180,1,7
1379,25.6,6,639,180,180,1,7
1380,12.8,6,639,180,180,1,7
1381,3.2,6,875,180,0,0,7
1382,3.2,4,1337,0,0,1,7
1383,1.6,5,805,180,180,1,7
1384,25.6,6,782,180,180,1,7
1385,3.2,5,891,180,180,1,7
1386,3.2,5,606,180,0,0,7
1387,1.6,5,833,180,180,1,7
1388,12.8,6,644,180,180,1,7
1389,3.2,2,746,0,0,1,7
1390,12.8,6,1085,0,0,1,7
1391,6.4,5,986,0,0,1,7
1392,6.4,6,579,180,180,1,7
1393,12.8,5,507,0,0,1,7
1394,6.4,5,768,180,180,1,7
1395,12.8,5,836,0,0,1,7
1396,12.8,5,804,0,0,1,7
1397,6.4,5,690,180,180,1,7
1398,3.2,5,750,180,180,1,7
1399,1.6,5,655,0,0,1,7
1400,6.4,6,933,0,0,1,8
1401,3.2,5,605,0,180,0,8
1402,25.6,6,476,180,180,1,8
1403,25.6,5,516,0,0,1,8
1404,1.6,3,662,0,180,0,8
1405,12.8,4,880,0,0,1,8
1406,3.2,4,976,0,0,1,8
1407,1.6,5,564,180,0,0,8
1408,1.6,4,736,0,0,1,8
1409,12.8,5,807,180,180,1,8
1410,12.8,3,1428,0,180,0,8
1411,6.4,3,867,0,0,1,8
1412,12.8,4,752,0,0,1,8
1413,12.8,5,1028,0,0,1,8
1414,12.8,5,716,180,180,1,8
1415,3.2,5,885,180,180,1,8
1416,3.2,4,644,0,0,1,8
1417,6.4,5,582,180,180,1,8
1418,3.2,5,907,180,0,0,8
1419,12.8,4,721,180,180,1,8
1420,1.6,3,1238,180,180,1,8
1421,3.2,2,744,0,180,0,8
1422,6.4,3,931,0,0,1,8
1423,6.4,3,1108,0,0,1,8
1424,12.8,6,984,0,0,1,8
1425,25.6,6,717,0,0,1,8
1426,1.6,4,1160,0,180,0,8
1427,3.2,4,607,180,0,0,8
1428,3.2,2,945,0,180,0,8
1429,6.4,3,1190,180,180,1,8
1430,12.8,5,943,180,180,1,8
1431,25.6,6,793,180,180,1,8
1432,12.8,6,639,0,0,1,8
1433,6.4,3,983,0,0,1,8
1434,1.6,4,967,180,0,0,8
1435,6.4,4,619,0,0,1,8
1436,6.4,4,828,180,180,1,8
1437,6.4,2,917,0,0,1,8
1438,25.6,5,977,0,0,1,8
1439,6.4,4,937,180,0,0,8
1440,3.2,3,968,0,180,0,8
1441,6.4,6,570,180,180,1,8
1442,3.2,3,1259,0,180,0,8
1443,1.6,4,1727,180,180,1,8
1444,12.8,5,612,180,180,1,8
1445,12.8,6,932,180,180,1,8
1446,12.8,4,799,180,180,1,8
1447,1.6,5,896,180,180,1,8
1448,6.4,5,974,180,180,1,8
1449,6.4,5,549,180,180,1,8
1450,1.6,4,853,180,180,1,8
1451,1.6,3,673,180,0,0,8
1452,25.6,6,593,180,180,1,8
1453,12.8,6,610,0,0,1,8
1454,1.6,6,618,180,0,0,8
1455,3.2,3,1050,180,0,0,8
1456,6.4,5,562,180,0,0,8
1457,1.6,4,799,180,0,0,8
1458,12.8,4,845,0,180,0,8
1459,6.4,6,1264,180,0,0,8
1460,6.4,5,945,0,180,0,8
1461,1.6,3,951,0,180,0,8
1462,1.6,5,606,180,180,1,8
1463,1.6,4,878,180,180,1,8
1464,25.6,6,571,0,0,1,8
1465,25.6,6,538,180,180,1,8
1466,25.6,6,687,180,180,1,8
1467,25.6,6,711,180,180,1,8
1468,6.4,4,753,180,180,1,8
1469,12.8,5,836,0,0,1,8
1470,6.4,3,760,180,0,0,8
1471,6.4,4,1074,180,180,1,8
1472,6.4,3,1018,180,180,1,8
1473,25.6,6,544,0,0,1,8
1474,12.8,6,707,180,180,1,8
1475,1.6,3,1023,0,0,1,8
1476,3.2,5,589,180,180,1,8
1477,1.6,5,1012,180,0,0,8
1478,1.6,4,1194,0,0,1,8
1479,12.8,5,626,180,180,1,8
1480,1.6,5,912,180,0,0,8
1481,1.6,5,706,180,180,1,8
1482,3.2,4,1251,180,0,0,8
1483,6.4,3,957,180,180,1,8
1484,3.2,4,1004,0,0,1,8
1485,12.8,5,746,180,180,1,8
1486,25.6,6,588,180,180,1,8
1487,25.6,6,739,0,0,1,8
1488,3.2,6,1240,180,180,1,8
1489,25.6,6,598,0,0,1,8
1490,12.8,5,951,0,0,1,8
1491,12.8,5,610,180,180,1,8
1492,25.6,6,808,180,180,1,8
1493,1.6,5,1023,180,180,1,8
1494,25.6,6,1007,180,180,1,8
1495,25.6,5,853,180,180,1,8
1496,25.6,5,1053,180,180,1,8
1497,1.6,1,1099,0,180,0,8
1498,3.2,2,1011,0,180,0,8
1499,6.4,5,596,180,180,1,8
1500,6.4,6,1052,180,180,1,8
1501,3.2,3,965,180,0,0,8
1502,1.6,4,1105,0,180,0,8
1503,25.6,6,700,180,180,1,8
1504,12.8,6,952,0,0,1,8
1505,3.2,2,1129,0,180,0,8
1506,6.4,3,986,180,0,0,8
1507,6.4,3,753,180,180,1,8
1508,1.6,3,793,0,0,1,8
1509,1.6,2,1187,180,0,0,8
1510,6.4,5,855,180,180,1,8
1511,25.6,6,604,0,0,1,8
1512,25.6,6,716,180,180,1,8
1513,6.4,5,749,0,0,1,8
1514,25.6,6,644,0,0,1,8
1515,3.2,2,1061,0,0,1,8
1516,1.6,5,851,0,0,1,8
1517,3.2,4,1054,0,0,1,8
1518,3.2,2,1378,0,0,1,8
1519,3.2,4,1079,0,0,1,8
1520,1.6,4,743,180,0,0,8
1521,25.6,6,652,0,0,1,8
1522,12.8,1,1110,180,0,0,8
1523,12.8,5,865,0,0,1,8
1524,1.6,5,819,0,0,1,8
1525,3.2,6,1282,0,0,1,8
1526,25.6,5,837,0,0,1,8
1527,6.4,6,523,180,180,1,8
1528,25.6,6,558,0,0,1,8
1529,12.8,5,862,0,0,1,8
1530,1.6,3,1073,0,180,0,8
1531,1.6,4,704,180,0,0,8
1532,3.2,4,724,0,0,1,8
1533,1.6,3,582,180,0,0,8
1534,3.2,3,1074,0,180,0,8
1535,12.8,4,638,0,0,1,8
1536,3.2,5,607,180,180,1,8
1537,25.6,6,682,180,180,1,8
1538,6.4,6,771,180,180,1,8
1539,25.6,6,576,0,0,1,8
1540,25.6,6,671,0,0,1,8
1541,1.6,3,1074,180,0,0,8
1542,1.6,4,618,0,0,1,8
1543,12.8,6,620,180,180,1,8
1544,3.2,5,791,0,180,0,8
1545,12.8,4,960,180,180,1,8
1546,3.2,6,925,180,180,1,8
1547,3.2,5,862,180,180,1,8
1548,1.6,5,716,180,180,1,8
1549,6.4,4,691,0,0,1,8
1550,3.2,5,815,180,0,0,8
1551,12.8,5,775,180,180,1,8
1552,3.2,6,803,180,180,1,8
1553,3.2,5,941,0,0,1,8
1554,6.4,5,982,0,0,1,8
1555,12.8,4,798,0,0,1,8
1556,25.6,6,691,0,0,1,8
1557,6.4,6,637,180,180,1,8
1558,12.8,5,593,180,180,1,8
1559,6.4,6,627,180,0,0,8
1560,3.2,5,971,180,180,1,8
1561,12.8,6,664,180,180,1,8
1562,25.6,6,659,180,180,1,8
1563,6.4,6,732,180,180,1,8
1564,6.4,6,570,180,180,1,8
1565,25.6,6,808,0,0,1,8
1566,25.6,6,524,180,180,1,8
1567,1.6,5,486,0,180,0,8
1568,25.6,6,576,180,180,1,8
1569,6.4,5,563,0,0,1,8
1570,3.2,6,738,180,180,1,8
1571,1.6,4,1157,0,180,0,8
1572,12.8,5,673,0,0,1,8
1573,25.6,6,718,0,0,1,8
1574,1.6,5,1112,180,180,1,8
1575,25.6,6,716,0,0,1,8
1576,6.4,5,1220,180,0,0,8
1577,25.6,6,700,180,180,1,8
1578,12.8,6,582,180,180,1,8
1579,3.2,5,833,180,0,0,8
1580,3.2,3,1010,0,0,1,8
1581,25.6,6,691,0,0,1,8
1582,12.8,6,875,0,0,1,8
1583,3.2,5,1069,180,180,1,8
1584,12.8,6,762,0,0,1,8
1585,1.6,4,879,180,180,1,8
1586,3.2,4,1016,0,180,0,8
1587,25.6,6,646,180,180,1,8
1588,1.6,3,803,0,0,1,8
1589,6.4,6,729,0,0,1,8
1590,12.8,2,947,180,0,0,8
1591,3.2,4,769,0,0,1,8
1592,12.8,6,646,180,180,1,8
1593,12.8,6,588,0,0,1,8
1594,12.8,4,643,0,0,1,8
1595,1.6,5,652,180,180,1,8
1596,3.2,5,924,180,0,0,8
1597,25.6,6,504,0,0,1,8
1598,6.4,6,1064,180,0,0,8
1599,25.6,6,764,180,180,1,8
1600,3.2,6,773,0,0,1,9
1601,25.6,6,555,0,0,1,9
1602,1.6,6,469,180,0,0,9
1603,12.8,6,489,0,0,1,9
1604,3.2,6,614,0,0,1,9
1605,25.6,6,553,180,180,1,9
1606,1.6,4,931,0,0,1,9
1607,6.4,5,503,0,0,1,9
1608,1.6,5,482,180,180,1,9
1609,12.8,5,674,180,180,1,9
1610,1.6,5,701,0,0,1,9
1611,6.4,3,532,0,0,1,9
1612,25.6,6,569,180,180,1,9
1613,1.6,5,722,180,180,1,9
1614,1.6,4,798,180,0,0,9
1615,12.8,6,784,180,180,1,9
1616,6.4,5,988,180,180,1,9
1617,6.4,4,926,0,0,1,9
1618,3.2,3,741,180,180,1,9
1619,6.4,4,848,180,180,1,9
1620,1.6,1,661,0,0,1,9
1621,1.6,3,606,180,180,1,9
1622,25.6,6,541,0,0,1,9
1623,3.2,6,690,180,180,1,9
1624,25.6,6,636,0,0,1,9
1625,3.2,4,1041,180,0,0,9
1626,12.8,6,803,180,180,1,9
1627,12.8,6,582,0,0,1,9
1628,6.4,1,833,0,0,1,9
1629,1.6,4,555,0,0,1,9
1630,12.8,5,569,180,180,1,9
1631,6.4,5,1892,180,180,1,9
1632,25.6,6,505,0,0,1,9
1633,12.8,6,820,0,0,1,9
1634,3.2,2,735,0,0,1,9
1635,12.8,6,571,180,180,1,9
1636,3.2,6,648,180,0,0,9
1637,3.2,5,564,0,0,1,9
1638,12.8,4,776,180,180,1,9
1639,12.8,6,551,0,0,1,9
1640,1.6,5,597,180,180,1,9
1641,1.6,3,951,180,180,1,9
1642,6.4,6,757,180,180,1,9
1643,25.6,6,751,180,180,1,9
1644,12.8,6,568,180,180,1,9
1645,3.2,6,781,180,180,1,9
1646,25.6,6,606,180,180,1,9
1647,1.6,5,1185,0,0,1,9
1648,6.4,6,643,0,0,1,9
1649,6.4,6,544,180,180,1,9
1650,25.6,6,707,180,180,1,9
1651,3.2,1,638,0,180,0,9
1652,25.6,6,512,180,180,1,9
1653,3.2,5,517,0,0,1,9
1654,25.6,6,846,0,0,1,9
1655,3.2,6,615,180,180,1,9
1656,6.4,6,995,0,0,1,9
1657,12.8,5,521,0,0,1,9
1658,3.2,5,566,180,180,1,9
1659,25.6,6,614,180,180,1,9
1660,1.6,1,984,0,180,0,9
1661,12.8,6,571,180,180,1,9
1662,1.6,5,918,0,0,1,9
1663,3.2,5,631,0,0,1,9
1664,3.2,6,492,180,180,1,9
1665,12.8,6,543,180,180,1,9
1666,1.6,4,851,180,0,0,9
1667,12.8,6,703,180,180,1,9
1668,6.4,6,915,0,0,1,9
1669,25.6,6,708,0,0,1,9
1670,12.8,6,1060,180,180,1,9
1671,6.4,5,890,0,180,0,9
1672,6.4,6,1075,0,0,1,9
1673,6.4,6,988,0,0,1,9
1674,1.6,6,1290,0,0,1,9
1675,25.6,6,643,180,180,1,9
1676,25.6,6,590,180,180,1,9
1677,6.4,5,845,180,180,1,9
1678,1.6,5,1035,0,180,0,9
1679,6.4,4,956,180,180,1,9
1680,25.6,6,617,0,0,1,9
1681,3.2,6,1319,180,180,1,9
1682,3.2,6,1077,180,180,1,9
1683,25.6,6,548,0,0,1,9
1684,3.2,5,1125,180,180,1,9
1685,12.8,6,998,0,0,1,9
1686,25.6,6,810,180,180,1,9
1687,12.8,4,603,180,180,1,9
1688,12.8,4,597,0,0,1,9
1689,12.8,3,1109,0,0,1,9
1690,3.2,4,883,180,0,0,9
1691,3.2,4,875,0,0,1,9
1692,6.4,4,533,180,180,1,9
1693,3.2,5,519,180,180,1,9
1694,12.8,3,541,0,0,1,9
1695,3.2,2,867,0,0,1,9
1696,12.8,5,609,0,0,1,9
1697,3.2,5,822,0,0,1,9
1698,12.8,6,528,180,180,1,9
1699,25.6,6,481,0,0,1,9
1700,25.6,6,538,0,0,1,9
1701,12.8,6,756,0,0,1,9
1702,1.6,4,1035,180,0,0,9
1703,25.6,6,486,0,0,1,9
1704,12.8,3,1040,180,180,1,9
1705,1.6,4,748,0,0,1,9
1706,25.6,6,591,180,180,1,9
1707,1.6,1,655,180,180,1,9
1708,25.6,6,594,0,0,1,9
1709,25.6,6,543,180,180,1,9
1710,25.6,6,500,0,0,1,9
1711,6.4,6,531,180,180,1,9
1712,6.4,6,829,0,0,1,9
1713,6.4,1,1051,180,0,0,9
1714,1.6,5,832,180,180,1,9
1715,1.6,3,824,180,0,0,9
1716,3.2,5,574,180,180,1,9
1717,1.6,3,742,0,0,1,9
1718,3.2,4,891,180,180,1,9
1719,25.6,6,601,180,180,1,9
1720,3.2,4,1073,180,0,0,9
1721,12.8,6,649,0,0,1,9
1722,12.8,5,874,0,0,1,9
1723,25.6,6,541,180,180,1,9
1724,6.4,4,750,0,0,1,9
1725,25.6,6,501,180,180,1,9
1726,1.6,2,1059,180,180,1,9
1727,6.4,5,571,0,0,1,9
1728,1.6,1,967,0,180,0,9
1729,12.8,5,932,0,0,1,9
1730,25.6,5,770,0,0,1,9
1731,6.4,3,1293,0,0,1,9
1732,3.2,5,519,180,180,1,9
1733,3.2,2,777,180,0,0,9
1734,6.4,2,733,0,180,0,9
1735,12.8,4,561,0,0,1,9
1736,3.2,5,541,180,0,0,9
1737,1.6,4,774,180,0,0,9
1738,3.2,4,502,0,180,0,9
1739,12.8,4,505,180,180,1,9
1740,1.6,4,725,180,180,1,9
1741,1.6,3,583,180,180,1,9
1742,12.8,5,741,0,0,1,9
1743,3.2,4,554,180,0,0,9
1744,6.4,3,938,0,0,1,9
1745,12.8,4,828,180,180,1,9
1746,1.6,5,635,0,0,1,9
1747,1.6,4,787,180,180,1,9
1748,6.4,4,575,180,180,1,9
1749,1.6,4,674,180,180,1,9
1750,12.8,5,647,180,180,1,9
1751,3.2,6,634,180,180,1,9
1752,12.8,6,598,180,180,1,9
1753,25.6,6,528,0,0,1,9
1754,25.6,6,759,0,0,1,9
1755,12.8,6,740,0,0,1,9
1756,25.6,6,637,0,0,1,9
1757,6.4,1,913,0,180,0,9
1758,25.6,6,698,180,180,1,9
1759,6.4,3,881,0,0,1,9
1760,12.8,3,904,0,0,1,9
1761,6.4,4,545,180,180,1,9
1762,6.4,3,1029,0,180,0,9
1763,3.2,4,544,180,0,0,9
1764,1.6,4,1190,0,180,0,9
1765,3.2,6,558,180,180,1,9
1766,1.6,5,700,180,0,0,9
1767,25.6,6,700,0,0,1,9
1768,1.6,4,864,0,0,1,9
1769,3.2,5,583,180,180,1,9
1770,6.4,4,626,0,0,1,9
1771,3.2,5,666,180,0,0,9
1772,6.4,3,925,180,0,0,9
1773,25.6,6,532,0,0,1,9
1774,25.6,6,649,0,0,1,9
1775,25.6,6,571,180,180,1,9
1776,6.4,3,1089,0,0,1,9
1777,3.2,4,891,180,0,0,9
1778,6.4,4,1193,0,0,1,9
1779,12.8,3,1023,0,0,1,9
1780,1.6,4,646,180,0,0,9
1781,1.6,3,1237,180,180,1,9
1782,3.2,3,679,0,180,0,9
1783,3.2,4,931,180,0,0,9
1784,6.4,4,1048,180,180,1,9
1785,1.6,3,730,0,180,0,9
1786,1.6,3,607,180,180,1,9
1787,1.6,2,969,180,0,0,9
1788,6.4,5,658,180,180,1,9
1789,25.6,6,652,180,180,1,9
1790,25.6,6,607,180,180,1,9
1791,3.2,1,882,0,180,0,9
1792,6.4,6,1028,180,180,1,9
1793,1.6,4,965,180,180,1,9
1794,12.8,3,524,0,180,0,9
1795,6.4,5,647,180,180,1,9
1796,25.6,6,790,180,180,1,9
1797,12.8,6,792,0,0,1,9
1798,6.4,6,683,180,180,1,9
1799,12.8,6,1022,180,180,1,9
1800,6.4,5,799,0,180,0,10
1801,12.8,5,556,0,0,1,10
1802,12.8,5,900,0,0,1,10
1803,3.2,5,558,180,180,1,10
1804,12.8,6,597,0,0,1,10
1805,12.8,6,507,180,180,1,10
1806,12.8,6,642,180,180,1,10
1807,12.8,5,858,180,180,1,10
1808,6.4,4,586,180,180,1,10
1809,6.4,3,809,0,0,1,10
1810,12.8,4,754,0,0,1,10
1811,1.6,5,783,0,0,1,10
1812,3.2,4,652,180,180,1,10
1813,3.2,3,765,0,0,1,10
1814,6.4,3,633,0,0,1,10
1815,6.4,4,664,0,0,1,10
1816,25.6,6,486,180,180,1,10
1817,6.4,5,626,0,180,0,10
1818,1.6,6,473,180,180,1,10
1819,6.4,3,882,0,180,0,10
1820,1.6,4,982,180,0,0,10
1821,1.6,2,910,0,180,0,10
1822,25.6,5,776,0,0,1,10
1823,6.4,5,506,180,180,1,10
1824,25.6,6,500,0,0,1,10
1825,1.6,3,696,0,0,1,10
1826,25.6,6,567,180,180,1,10
1827,1.6,4,725,0,0,1,10
1828,6.4,2,868,0,0,1,10
1829,25.6,6,498,180,180,1,10
1830,12.8,5,830,180,180,1,10
1831,3.2,5,837,180,180,1,10
1832,25.6,6,594,180,180,1,10
1833,25.6,6,823,180,180,1,10
1834,1.6,5,896,180,180,1,10
1835,12.8,4,637,0,0,1,10
1836,6.4,2,770,0,0,1,10
1837,25.6,6,611,0,0,1,10
1838,12.8,5,792,0,0,1,10
1839,12.8,6,730,180,180,1,10
1840,3.2,5,843,0,180,0,10
1841,3.2,3,963,180,0,0,10
1842,3.2,6,520,0,180,0,10
1843,12.8,5,685,180,180,1,10
1844,12.8,6,509,0,0,1,10
1845,6.4,4,644,180,180,1,10
1846,1.6,2,910,180,180,1,10
1847,25.6,3,700,0,0,1,10
1848,3.2,3,984,180,180,1,10
1849,25.6,6,495,0,0,1,10
1850,25.6,6,741,0,0,1,10
1851,25.6,6,664,180,180,1,10
1852,1.6,6,692,180,180,1,10
1853,1.6,5,635,180,0,0,10
1854,25.6,6,482,0,0,1,10
1855,1.6,5,717,180,180,1,10
1856,12.8,6,584,0,0,1,10
1857,12.8,6,883,0,0,1,10
1858,1.6,6,1215,0,0,1,10
1859,3.2,3,1289,180,0,0,10
1860,3.2,3,512,180,180,1,10
1861,12.8,5,610,180,180,1,10
1862,12.8,6,633,180,180,1,10
1863,25.6,6,554,180,180,1,10
1864,6.4,6,744,180,180,1,10
1865,25.6,6,534,0,0,1,10
1866,25.6,6,559,180,180,1,10
1867,1.6,4,617,180,0,0,10
1868,25.6,6,446,0,0,1,10
1869,6.4,4,916,0,0,1,10
1870,1.6,5,527,180,0,0,10
1871,1.6,4,593,180,180,1,10
1872,12.8,5,692,180,180,1,10
1873,12.8,5,790,180,0,0,10
1874,12.8,6,431,0,0,1,10
1875,3.2,3,838,180,0,0,10
1876,6.4,5,634,180,180,1,10
1877,6.4,5,644,180,180,1,10
1878,6.4,5,530,0,0,1,10
1879,6.4,4,943,0,0,1,10
1880,3.2,5,690,180,180,1,10
1881,25.6,6,595,180,180,1,10
1882,3.2,6,871,180,180,1,10
1883,1.6,6,475,0,180,0,10
1884,25.6,6,481,0,0,1,10
1885,12.8,4,748,180,180,1,10
1886,3.2,4,737,0,0,1,10
1887,25.6,5,551,0,0,1,10
1888,6.4,1,784,180,180,1,10
1889,3.2,2,459,0,0,1,10
1890,3.2,5,545,180,180,1,10
1891,6.4,3,509,180,0,0,10
1892,6.4,2,548,180,0,0,10
1893,6.4,4,551,180,180,1,10
1894,25.6,3,768,0,0,1,10
1895,1.6,3,910,180,180,1,10
1896,3.2,2,1029,0,0,1,10
1897,12.8,3,804,0,0,1,10
1898,3.2,3,631,180,0,0,10
1899,12.8,3,573,180,180,1,10
1900,3.2,4,987,180,180,1,10
1901,25.6,6,597,180,180,1,10
1902,1.6,4,1041,180,180,1,10
1903,1.6,3,661,0,0,1,10
1904,1.6,3,887,0,180,0,10
1905,25.6,6,508,0,0,1,10
1906,3.2,2,557,0,0,1,10
1907,6.4,5,557,180,0,0,10
1908,1.6,5,844,0,180,0,10
1909,3.2,5,877,0,0,1,10
1910,3.2,5,481,180,0,0,10
1911,1.6,3,598,0,0,1,10
1912,1.6,5,478,180,180,1,10
1913,6.4,6,761,180,180,1,10
1914,1.6,4,1014,180,0,0,10
1915,12.8,4,637,180,180,1,10
1916,6.4,3,812,180,0,0,10
1917,3.2,4,650,180,180,1,10
1918,12.8,4,984,180,180,1,10
1919,3.2,4,747,180,0,0,10
1920,12.8,3,841,0,0,1,10
1921,3.2,4,858,180,180,1,10
1922,1.6,4,592,180,180,1,10
1923,1.6,3,759,0,0,1,10
1924,3.2,3,946,180,180,1,10
1925,3.2,3,890,180,180,1,10
1926,12.8,6,567,180,180,1,10
1927,25.6,6,624,180,180,1,10
1928,25.6,6,593,180,180,1,10
1929,12.8,6,654,180,180,1,10
1930,6.4,6,608,180,180,1,10
1931,6.4,5,544,0,0,1,10
1932,25.6,6,626,0,0,1,10
1933,6.4,3,861,0,0,1,10
1934,12.8,6,914,0,0,1,10
1935,25.6,6,537,180,180,1,10
1936,6.4,2,871,0,0,1,10
1937,25.6,6,611,0,0,1,10
1938,1.6,3,611,0,0,1,10
1939,25.6,6,536,180,180,1,10
1940,6.4,5,642,0,0,1,10
1941,6.4,4,1177,0,0,1,10
1942,12.8,5,552,0,0,1,10
1943,3.2,4,587,180,180,1,10
1944,25.6,1,685,0,180,0,10
1945,3.2,4,554,180,0,0,10
1946,25.6,6,609,180,180,1,10
1947,12.8,5,471,0,180,0,10
1948,6.4,3,701,180,180,1,10
1949,3.2,3,871,0,180,0,10
1950,3.2,3,925,0,0,1,10
1951,1.6,2,934,0,0,1,10
1952,1.6,4,707,180,180,1,10
1953,3.2,3,611,0,0,1,10
1954,25.6,6,531,180,180,1,10
1955,12.8,3,1106,0,0,1,10
1956,1.6,3,928,0,0,1,10
1957,12.8,5,889,0,0,1,10
1958,1.6,4,699,0,0,1,10
1959,3.2,4,1241,0,0,1,10
1960,6.4,4,938,180,180,1,10
1961,6.4,5,795,180,180,1,10
1962,6.4,4,965,0,0,1,10
1963,25.6,4,563,0,0,1,10
1964,3.2,4,505,0,0,1,10
1965,6.4,4,549,0,0,1,10
1966,3.2,4,783,180,180,1,10
1967,25.6,6,546,0,0,1,10
1968,25.6,6,616,0,0,1,10
1969,1.6,5,655,0,180,0,10
1970,3.2,3,896,180,180,1,10
1971,25.6,6,528,180,180,1,10
1972,1.6,3,573,180,180,1,10
1973,1.6,6,563,0,0,1,10
1974,25.6,6,537,180,180,1,10
1975,12.8,6,580,180,180,1,10
1976,12.8,6,506,0,0,1,10
1977,12.8,6,539,180,180,1,10
1978,3.2,4,674,0,0,1,10
1979,25.6,6,579,0,0,1,10
1980,1.6,5,739,0,180,0,10
1981,12.8,5,526,0,0,1,10
1982,1.6,3,882,0,0,1,10
1983,12.8,3,707,0,0,1,10
1984,25.6,5,554,0,0,1,10
1985,3.2,5,538,180,0,0,10
1986,6.4,6,579,180,180,1,10
1987,1.6,3,674,180,0,0,10
1988,25.6,6,609,180,180,1,10
1989,6.4,5,605,180,180,1,10
1990,6.4,6,576,180,180,1,10
1991,6.4,6,431,0,0,1,10
1992,12.8,6,460,180,180,1,10
1993,1.6,5,718,180,0,0,10
1994,12.8,6,637,180,180,1,10
1995,1.6,5,716,180,180,1,10
1996,3.2,5,511,0,0,1,10
1997,6.4,6,458,180,180,1,10
1998,3.2,4,919,180,180,1,10
1999,1.6,5,620,180,180,1,10
